MERCHANT.ID,MERCHANT.NAME,MERCHANT.PHONE,MERCHANT.EMAIL,MERCHANT.ADDRESS,MERCHANT.POST.CODE,MERCHANT.CITY,MERCHANT.STATE,MERCHANT.COUNTRY,MERCHANT.COUNTRY.CODE,MERCHANT.STATUS,MERCHANT.LOGO,MERCHANT.COVER,MERCHANT.COMMISSION,MERCHANT.TAX.METHOD
685544bc21bb01b10405efbe,"Yojin Bilston",+447743459485,admin@yojin.co.uk,"Please visit your local supermarket / store","WV14 7JW",Bilston,,"United Kingdom",GB,ACTIVE,https://cdn-upload.hyperzod.app/public/5564/images/685544bc970f6.svg,https://cdn-upload.hyperzod.app/public/5564/images/685544bc97977.png,"delivery,0,0; pickup,0,0; custom_1,0,0;",inclusive
685544bc21bb01b10405efbf,"Yojin Darlaston",+447743459486,admin@yojin.co.uk,"Please visit your local supermarket / store","WS1 4NL",Darlaston,,"United Kingdom",GB,ACTIVE,https://cdn-upload.hyperzod.app/public/5564/images/685544bce0bee.svg,https://cdn-upload.hyperzod.app/public/5564/images/685544bce13fb.png,"delivery,0,0; pickup,0,0; custom_1,0,0;",inclusive
685544bd21bb01b10405efc0,"Yojin Great Barr",+447743459487,admin@yojin.co.uk,"Please visit your local supermarket / store","WS9 0QU","Great Barr",,"United Kingdom",GB,ACTIVE,https://cdn-upload.hyperzod.app/public/5564/images/685544bd33c87.svg,https://cdn-upload.hyperzod.app/public/5564/images/685544bd344af.png,"delivery,0,0; pickup,0,0; custom_1,0,0;",inclusive
685544bd21bb01b10405efc1,"Yojin Sutton Coldfield",+447743459488,admin@yojin.co.uk,"Please visit your local supermarket / store","B73 6LJ","Sutton Coldfield",,"United Kingdom",GB,ACTIVE,https://cdn-upload.hyperzod.app/public/5564/images/685544bd72ebc.svg,https://cdn-upload.hyperzod.app/public/5564/images/685544bd73733.png,"delivery,0,0; pickup,0,0; custom_1,0,0;",inclusive
685544bd21bb01b10405efc2,"Yojin Sutton Coldfield",+447743459489,admin@yojin.co.uk,"Please visit your local supermarket / store","B75 7AF","Sutton Coldfield",,"United Kingdom",GB,ACTIVE,https://cdn-upload.hyperzod.app/public/5564/images/685544bdb157e.svg,https://cdn-upload.hyperzod.app/public/5564/images/685544bdb20ff.png,"delivery,0,0; pickup,0,0; custom_1,0,0;",inclusive
685544bd21bb01b10405efc3,"Yojin Bodymoor Heath",+447743459490,admin@yojin.co.uk,"Please visit your local supermarket / store","B76 9JB","Bodymoor Heath",,"United Kingdom",GB,ACTIVE,https://cdn-upload.hyperzod.app/public/5564/images/685544be030e8.svg,https://cdn-upload.hyperzod.app/public/5564/images/685544be039b0.png,"delivery,0,0; pickup,0,0; custom_1,0,0;",inclusive
685544be21bb01b10405efc4,"Yojin Hurley",+447743459491,admin@yojin.co.uk,"Please visit your local supermarket / store","CV9 2HZ",Hurley,,"United Kingdom",GB,ACTIVE,https://cdn-upload.hyperzod.app/public/5564/images/685544be46e94.svg,https://cdn-upload.hyperzod.app/public/5564/images/685544be47854.png,"delivery,0,0; pickup,0,0; custom_1,0,0;",inclusive
685544be21bb01b10405efc5,"Yojin Atherstone",+447743459492,admin@yojin.co.uk,"Please visit your local supermarket / store","CV9 2HF",Atherstone,,"United Kingdom",GB,ACTIVE,https://cdn-upload.hyperzod.app/public/5564/images/685544be877b2.svg,https://cdn-upload.hyperzod.app/public/5564/images/685544be87ffb.png,"delivery,0,0; pickup,0,0; custom_1,0,0;",inclusive
685544be21bb01b10405efc6,"Yojin Fenny Drayton",+447743459493,admin@yojin.co.uk,"Please visit your local supermarket / store","CV13 6AY","Fenny Drayton",,"United Kingdom",GB,ACTIVE,https://cdn-upload.hyperzod.app/public/5564/images/685544bec335a.svg,https://cdn-upload.hyperzod.app/public/5564/images/685544bec3bae.png,"delivery,0,0; pickup,0,0; custom_1,0,0;",inclusive
685544be21bb01b10405efc7,"Yojin Stoke Golding",+447743459494,admin@yojin.co.uk,"Please visit your local supermarket / store","CV13 6JH","Stoke Golding",,"United Kingdom",GB,ACTIVE,https://cdn-upload.hyperzod.app/public/5564/images/685544bf0930d.svg,https://cdn-upload.hyperzod.app/public/5564/images/685544bf09e7d.png,"delivery,0,0; pickup,0,0; custom_1,0,0;",inclusive
685544bf21bb01b10405efc8,"Yojin Barwell",+447743459495,admin@yojin.co.uk,"Please visit your local supermarket / store","LE9 8DG",Barwell,,"United Kingdom",GB,ACTIVE,https://cdn-upload.hyperzod.app/public/5564/images/685544bf42b9f.svg,https://cdn-upload.hyperzod.app/public/5564/images/685544bf43410.png,"delivery,0,0; pickup,0,0; custom_1,0,0;",inclusive
685544bf21bb01b10405efc9,"Yojin Potters Marston",+447743459496,admin@yojin.co.uk,"Please visit your local supermarket / store","LE9 7TS","Potters Marston",,"United Kingdom",GB,ACTIVE,https://cdn-upload.hyperzod.app/public/5564/images/685544bf7d378.svg,https://cdn-upload.hyperzod.app/public/5564/images/685544bf7dc8e.png,"delivery,0,0; pickup,0,0; custom_1,0,0;",inclusive
685544bf21bb01b10405efca,"Yojin Narborough",+447743459497,admin@yojin.co.uk,"Please visit your local supermarket / store","LE19 2HT",Narborough,,"United Kingdom",GB,ACTIVE,https://cdn-upload.hyperzod.app/public/5564/images/685544bfd0cac.svg,https://cdn-upload.hyperzod.app/public/5564/images/685544bfd150c.png,"delivery,0,0; pickup,0,0; custom_1,0,0;",inclusive
685544bf21bb01b10405efcb,"Yojin Countesthorpe",+447743459498,admin@yojin.co.uk,"Please visit your local supermarket / store","LE18 4AD",Countesthorpe,,"United Kingdom",GB,ACTIVE,https://cdn-upload.hyperzod.app/public/5564/images/685544c0240cd.svg,https://cdn-upload.hyperzod.app/public/5564/images/685544c024943.png,"delivery,0,0; pickup,0,0; custom_1,0,0;",inclusive
685544c021bb01b10405efcc,"Yojin Newton Harcourt",+447743459499,admin@yojin.co.uk,"Please visit your local supermarket / store","LE8 9FQ","Newton Harcourt",,"United Kingdom",GB,ACTIVE,https://cdn-upload.hyperzod.app/public/5564/images/685544c05f67b.svg,https://cdn-upload.hyperzod.app/public/5564/images/685544c05ff22.png,"delivery,0,0; pickup,0,0; custom_1,0,0;",inclusive
685544c021bb01b10405efcd,"Yojin Carlton Carlieu",+447743459500,admin@yojin.co.uk,"Please visit your local supermarket / store",N/A,"Carlton Carlieu",,"United Kingdom",GB,ACTIVE,https://cdn-upload.hyperzod.app/public/5564/images/685544c0a14eb.svg,https://cdn-upload.hyperzod.app/public/5564/images/685544c0a1ddc.png,"delivery,0,0; pickup,0,0; custom_1,0,0;",inclusive
685544c021bb01b10405efce,"Yojin Stockerston",+447743459501,admin@yojin.co.uk,"Please visit your local supermarket / store","LE15 9JD",Stockerston,,"United Kingdom",GB,ACTIVE,https://cdn-upload.hyperzod.app/public/5564/images/685544c0deb3b.svg,https://cdn-upload.hyperzod.app/public/5564/images/685544c0df394.png,"delivery,0,0; pickup,0,0; custom_1,0,0;",inclusive
685544c121bb01b10405efcf,"Yojin Lyddington",+447743459502,admin@yojin.co.uk,"Please visit your local supermarket / store","LE15 9LZ",Lyddington,,"United Kingdom",GB,ACTIVE,https://cdn-upload.hyperzod.app/public/5564/images/685544c145463.svg,https://cdn-upload.hyperzod.app/public/5564/images/685544c1460dc.png,"delivery,0,0; pickup,0,0; custom_1,0,0;",inclusive
685544c121bb01b10405efd0,"Yojin Blatherwycke",+447743459503,admin@yojin.co.uk,"Please visit your local supermarket / store",N/A,Blatherwycke,,"United Kingdom",GB,ACTIVE,https://cdn-upload.hyperzod.app/public/5564/images/685544c1938b5.svg,https://cdn-upload.hyperzod.app/public/5564/images/685544c19410a.png,"delivery,0,0; pickup,0,0; custom_1,0,0;",inclusive
685544c121bb01b10405efd1,"Yojin King's Cliffe",+447743459504,admin@yojin.co.uk,"Please visit your local supermarket / store","PE8 6ZE","King's Cliffe",,"United Kingdom",GB,ACTIVE,https://cdn-upload.hyperzod.app/public/5564/images/685544c1dde60.svg,https://cdn-upload.hyperzod.app/public/5564/images/685544c1de76c.png,"delivery,0,0; pickup,0,0; custom_1,0,0;",inclusive
685544c221bb01b10405efd2,"Yojin Yarwell",+447743459505,admin@yojin.co.uk,"Please visit your local supermarket / store","PE8 6PY",Yarwell,,"United Kingdom",GB,ACTIVE,https://cdn-upload.hyperzod.app/public/5564/images/685544c22c880.svg,https://cdn-upload.hyperzod.app/public/5564/images/685544c22d42d.png,"delivery,0,0; pickup,0,0; custom_1,0,0;",inclusive
685544c221bb01b10405efd3,"Yojin Castor",+447743459506,admin@yojin.co.uk,"Please visit your local supermarket / store","PE5 7BD",Castor,,"United Kingdom",GB,ACTIVE,https://cdn-upload.hyperzod.app/public/5564/images/685544c267db1.svg,https://cdn-upload.hyperzod.app/public/5564/images/685544c2685fc.png,"delivery,0,0; pickup,0,0; custom_1,0,0;",inclusive
685544c221bb01b10405efd4,"Yojin Orton Longueville",+447743459507,admin@yojin.co.uk,"Please visit your local supermarket / store","PE2 7WD","Orton Longueville",,"United Kingdom",GB,ACTIVE,https://cdn-upload.hyperzod.app/public/5564/images/685544c2a25ef.svg,https://cdn-upload.hyperzod.app/public/5564/images/685544c2a2e0d.png,"delivery,0,0; pickup,0,0; custom_1,0,0;",inclusive
685544c221bb01b10405efd5,"Yojin Fengate",+447743459508,admin@yojin.co.uk,"Please visit your local supermarket / store","PE1 5QR",Fengate,,"United Kingdom",GB,ACTIVE,https://cdn-upload.hyperzod.app/public/5564/images/685544c2e326a.svg,https://cdn-upload.hyperzod.app/public/5564/images/685544c2e3b81.png,"delivery,0,0; pickup,0,0; custom_1,0,0;",inclusive
685544c321bb01b10405efd6,"Yojin Whittlesey",+447743459509,admin@yojin.co.uk,"Please visit your local supermarket / store","PE7 1RF",Whittlesey,,"United Kingdom",GB,ACTIVE,https://cdn-upload.hyperzod.app/public/5564/images/685544c353d93.svg,https://cdn-upload.hyperzod.app/public/5564/images/685544c35459d.png,"delivery,0,0; pickup,0,0; custom_1,0,0;",inclusive
685544c321bb01b10405efd7,"Yojin Coates",+447743459510,admin@yojin.co.uk,"Please visit your local supermarket / store","PE7 2DD",Coates,,"United Kingdom",GB,ACTIVE,https://cdn-upload.hyperzod.app/public/5564/images/685544c38e1b4.svg,https://cdn-upload.hyperzod.app/public/5564/images/685544c38e9f9.png,"delivery,0,0; pickup,0,0; custom_1,0,0;",inclusive
685544c321bb01b10405efd8,"Yojin Charfield",+447743459411,admin@yojin.co.uk,"Please visit your local supermarket / store","GL12 8BN",Charfield,,"United Kingdom",GB,ACTIVE,https://cdn-upload.hyperzod.app/public/5564/images/685544c415270.svg,https://cdn-upload.hyperzod.app/public/5564/images/685544c415b20.png,"delivery,0,0; pickup,0,0; custom_1,0,0;",inclusive
685544c421bb01b10405efd9,"Yojin Charlton",+447743459412,admin@yojin.co.uk,"Please visit your local supermarket / store","SN16 9DW",Charlton,,"United Kingdom",GB,ACTIVE,https://cdn-upload.hyperzod.app/public/5564/images/685544c464158.svg,https://cdn-upload.hyperzod.app/public/5564/images/685544c464b28.png,"delivery,0,0; pickup,0,0; custom_1,0,0;",inclusive
685544c421bb01b10405efda,"Yojin Upper Minety",+447743459413,admin@yojin.co.uk,"Please visit your local supermarket / store","SN16 9PW","Upper Minety",,"United Kingdom",GB,ACTIVE,https://cdn-upload.hyperzod.app/public/5564/images/685544c4a85e0.svg,https://cdn-upload.hyperzod.app/public/5564/images/685544c4a8e1f.png,"delivery,0,0; pickup,0,0; custom_1,0,0;",inclusive
685544c421bb01b10405efdb,"Yojin Purton",+447743459414,admin@yojin.co.uk,"Please visit your local supermarket / store","SN5 4LL",Purton,,"United Kingdom",GB,ACTIVE,https://cdn-upload.hyperzod.app/public/5564/images/685544c4e8fa1.svg,https://cdn-upload.hyperzod.app/public/5564/images/685544c4e98d7.png,"delivery,0,0; pickup,0,0; custom_1,0,0;",inclusive
685544c521bb01b10405efdc,"Yojin Oakhurst",+447743459415,admin@yojin.co.uk,"Please visit your local supermarket / store","SN25 2HW",Oakhurst,,"United Kingdom",GB,ACTIVE,https://cdn-upload.hyperzod.app/public/5564/images/685544c534c80.svg,https://cdn-upload.hyperzod.app/public/5564/images/685544c53545e.png,"delivery,0,0; pickup,0,0; custom_1,0,0;",inclusive
685544c521bb01b10405efdd,"Yojin Broad Blunsdon",+447743459416,admin@yojin.co.uk,"Please visit your local supermarket / store","SN25 5DL","Broad Blunsdon",,"United Kingdom",GB,ACTIVE,https://cdn-upload.hyperzod.app/public/5564/images/685544c5797bc.svg,https://cdn-upload.hyperzod.app/public/5564/images/685544c57a2be.png,"delivery,0,0; pickup,0,0; custom_1,0,0;",inclusive
685544c521bb01b10405efde,"Yojin Sevenhampton",+447743459417,admin@yojin.co.uk,"Please visit your local supermarket / store","SN6 7GQ",Sevenhampton,,"United Kingdom",GB,ACTIVE,https://cdn-upload.hyperzod.app/public/5564/images/685544c5be0b0.svg,https://cdn-upload.hyperzod.app/public/5564/images/685544c5be94f.png,"delivery,0,0; pickup,0,0; custom_1,0,0;",inclusive
685544c521bb01b10405efdf,"Yojin Watchfield",+447743459418,admin@yojin.co.uk,"Please visit your local supermarket / store","SN6 8TS",Watchfield,,"United Kingdom",GB,ACTIVE,https://cdn-upload.hyperzod.app/public/5564/images/685544c60767f.svg,https://cdn-upload.hyperzod.app/public/5564/images/685544c608001.png,"delivery,0,0; pickup,0,0; custom_1,0,0;",inclusive
685544c621bb01b10405efe0,"Yojin Uffington",+447743459419,admin@yojin.co.uk,"Please visit your local supermarket / store","SN7 7SQ",Uffington,,"United Kingdom",GB,ACTIVE,https://cdn-upload.hyperzod.app/public/5564/images/685544c64d433.svg,https://cdn-upload.hyperzod.app/public/5564/images/685544c64dc3d.png,"delivery,0,0; pickup,0,0; custom_1,0,0;",inclusive
685544c621bb01b10405efe1,"Yojin West Challow",+447743459420,admin@yojin.co.uk,"Please visit your local supermarket / store","OX12 9PF","West Challow",,"United Kingdom",GB,ACTIVE,https://cdn-upload.hyperzod.app/public/5564/images/685544c6a577a.svg,https://cdn-upload.hyperzod.app/public/5564/images/685544c6a5ff3.png,"delivery,0,0; pickup,0,0; custom_1,0,0;",inclusive
685544c621bb01b10405efe2,"Yojin Grove",+447743459421,admin@yojin.co.uk,"Please visit your local supermarket / store","OX12 7LX",Grove,,"United Kingdom",GB,ACTIVE,https://cdn-upload.hyperzod.app/public/5564/images/685544c6e76f4.svg,https://cdn-upload.hyperzod.app/public/5564/images/685544c6e8008.png,"delivery,0,0; pickup,0,0; custom_1,0,0;",inclusive
685544c721bb01b10405efe3,"Yojin East Hendred",+447743459422,admin@yojin.co.uk,"Please visit your local supermarket / store","OX12 8JA","East Hendred",,"United Kingdom",GB,ACTIVE,https://cdn-upload.hyperzod.app/public/5564/images/685544c73986f.svg,https://cdn-upload.hyperzod.app/public/5564/images/685544c73a0b9.png,"delivery,0,0; pickup,0,0; custom_1,0,0;",inclusive
685544c721bb01b10405efe4,"Yojin Great Western Park",+447743459423,admin@yojin.co.uk,"Please visit your local supermarket / store","OX11 6FY","Great Western Park",,"United Kingdom",GB,ACTIVE,https://cdn-upload.hyperzod.app/public/5564/images/685544c78580e.svg,https://cdn-upload.hyperzod.app/public/5564/images/685544c786061.png,"delivery,0,0; pickup,0,0; custom_1,0,0;",inclusive
685544c721bb01b10405efe5,"Yojin North Moreton",+447743459424,admin@yojin.co.uk,"Please visit your local supermarket / store","OX11 9BJ","North Moreton",,"United Kingdom",GB,ACTIVE,https://cdn-upload.hyperzod.app/public/5564/images/685544c7bfa1a.svg,https://cdn-upload.hyperzod.app/public/5564/images/685544c7c02e7.png,"delivery,0,0; pickup,0,0; custom_1,0,0;",inclusive
685544c721bb01b10405efe6,"Yojin Brightwell-cum-Sotwell",+447743459425,admin@yojin.co.uk,"Please visit your local supermarket / store","OX10 0LX",Brightwell-cum-Sotwell,,"United Kingdom",GB,ACTIVE,https://cdn-upload.hyperzod.app/public/5564/images/685544c806018.svg,https://cdn-upload.hyperzod.app/public/5564/images/685544c8069c8.png,"delivery,0,0; pickup,0,0; custom_1,0,0;",inclusive
685544c821bb01b10405efe7,"Yojin Benson",+447743459426,admin@yojin.co.uk,"Please visit your local supermarket / store","OX10 6PG",Benson,,"United Kingdom",GB,ACTIVE,https://cdn-upload.hyperzod.app/public/5564/images/685544c8494a5.svg,https://cdn-upload.hyperzod.app/public/5564/images/685544c849cde.png,"delivery,0,0; pickup,0,0; custom_1,0,0;",inclusive
685544c821bb01b10405efe8,"Yojin Lane End",+447743459427,admin@yojin.co.uk,"Please visit your local supermarket / store","HP14 3ED","Lane End",,"United Kingdom",GB,ACTIVE,https://cdn-upload.hyperzod.app/public/5564/images/685544c889047.svg,https://cdn-upload.hyperzod.app/public/5564/images/685544c889875.png,"delivery,0,0; pickup,0,0; custom_1,0,0;",inclusive
685544c821bb01b10405efe9,"Yojin Flackwell Heath",+447743459428,admin@yojin.co.uk,"Please visit your local supermarket / store","HP10 9DP","Flackwell Heath",,"United Kingdom",GB,ACTIVE,https://cdn-upload.hyperzod.app/public/5564/images/685544c8c4a2f.svg,https://cdn-upload.hyperzod.app/public/5564/images/685544c8c5293.png,"delivery,0,0; pickup,0,0; custom_1,0,0;",inclusive
685544c821bb01b10405efea,"Yojin Forty Green",+447743459429,admin@yojin.co.uk,"Please visit your local supermarket / store","HP9 1HJ","Forty Green",,"United Kingdom",GB,ACTIVE,https://cdn-upload.hyperzod.app/public/5564/images/685544c90e4ce.svg,https://cdn-upload.hyperzod.app/public/5564/images/685544c90ed16.png,"delivery,0,0; pickup,0,0; custom_1,0,0;",inclusive
685544c921bb01b10405efeb,"Yojin Chalfont St. Peter",+447743459430,admin@yojin.co.uk,"Please visit your local supermarket / store","SL9 8TT","Chalfont St. Peter",,"United Kingdom",GB,ACTIVE,https://cdn-upload.hyperzod.app/public/5564/images/685544c948dd7.svg,https://cdn-upload.hyperzod.app/public/5564/images/685544c949728.png,"delivery,0,0; pickup,0,0; custom_1,0,0;",inclusive
685544c921bb01b10405efec,"Yojin Rickmansworth",+447743459431,admin@yojin.co.uk,"Please visit your local supermarket / store","WD3 9XY",Rickmansworth,,"United Kingdom",GB,ACTIVE,https://cdn-upload.hyperzod.app/public/5564/images/685544c9934b7.svg,https://cdn-upload.hyperzod.app/public/5564/images/685544c993e1a.png,"delivery,0,0; pickup,0,0; custom_1,0,0;",inclusive
685544c921bb01b10405efed,"Yojin Northwood",+447743459432,admin@yojin.co.uk,"Please visit your local supermarket / store","HA6 2TH",Northwood,,"United Kingdom",GB,ACTIVE,https://cdn-upload.hyperzod.app/public/5564/images/685544c9cc5e4.svg,https://cdn-upload.hyperzod.app/public/5564/images/685544c9cce44.png,"delivery,0,0; pickup,0,0; custom_1,0,0;",inclusive
685544c921bb01b10405efee,"Yojin Pinner",+447743459433,admin@yojin.co.uk,"Please visit your local supermarket / store","HA5 4EE",Pinner,,"United Kingdom",GB,ACTIVE,https://cdn-upload.hyperzod.app/public/5564/images/685544ca1501a.svg,https://cdn-upload.hyperzod.app/public/5564/images/685544ca15ac6.png,"delivery,0,0; pickup,0,0; custom_1,0,0;",inclusive
685544ca21bb01b10405efef,"Yojin Stanmore",+447743459434,admin@yojin.co.uk,"Please visit your local supermarket / store","HA8 6RT",Stanmore,,"United Kingdom",GB,ACTIVE,https://cdn-upload.hyperzod.app/public/5564/images/685544ca55005.svg,https://cdn-upload.hyperzod.app/public/5564/images/685544ca55828.png,"delivery,0,0; pickup,0,0; custom_1,0,0;",inclusive
685544ca21bb01b10405eff0,"Yojin Mill Hill",+447743459435,admin@yojin.co.uk,"Please visit your local supermarket / store","NW7 2BN","Mill Hill",,"United Kingdom",GB,ACTIVE,https://cdn-upload.hyperzod.app/public/5564/images/685544cab3ce0.svg,https://cdn-upload.hyperzod.app/public/5564/images/685544cab475d.png,"delivery,0,0; pickup,0,0; custom_1,0,0;",inclusive
685544ca21bb01b10405eff1,"Yojin Friern Barnet",+447743459436,admin@yojin.co.uk,"Please visit your local supermarket / store","N12 0LT","Friern Barnet",,"United Kingdom",GB,ACTIVE,https://cdn-upload.hyperzod.app/public/5564/images/685544caf3997.svg,https://cdn-upload.hyperzod.app/public/5564/images/685544caf4198.png,"delivery,0,0; pickup,0,0; custom_1,0,0;",inclusive
685544cb21bb01b10405eff2,"Yojin Bowes",+447743459437,admin@yojin.co.uk,"Please visit your local supermarket / store","N18 1AE",Bowes,,"United Kingdom",GB,ACTIVE,https://cdn-upload.hyperzod.app/public/5564/images/685544cb43d11.svg,https://cdn-upload.hyperzod.app/public/5564/images/685544cb44888.png,"delivery,0,0; pickup,0,0; custom_1,0,0;",inclusive
685544cb21bb01b10405eff3,"Yojin Highams Park",+447743459438,admin@yojin.co.uk,"Please visit your local supermarket / store","E4 8NF","Highams Park",,"United Kingdom",GB,ACTIVE,https://cdn-upload.hyperzod.app/public/5564/images/685544cb7f694.svg,https://cdn-upload.hyperzod.app/public/5564/images/685544cb7fec5.png,"delivery,0,0; pickup,0,0; custom_1,0,0;",inclusive
685544cb21bb01b10405eff4,"Yojin Woodford Bridge",+447743459439,admin@yojin.co.uk,"Please visit your local supermarket / store","IG8 8DW","Woodford Bridge",,"United Kingdom",GB,ACTIVE,https://cdn-upload.hyperzod.app/public/5564/images/685544cbbc3ec.svg,https://cdn-upload.hyperzod.app/public/5564/images/685544cbbd061.png,"delivery,0,0; pickup,0,0; custom_1,0,0;",inclusive
685544cc21bb01b10405eff5,"Yojin England",+447743459440,admin@yojin.co.uk,"Please visit your local supermarket / store","IG6 3SS",England,,"United Kingdom",GB,ACTIVE,https://cdn-upload.hyperzod.app/public/5564/images/685544cc2db24.svg,https://cdn-upload.hyperzod.app/public/5564/images/685544cc2e36b.png,"delivery,0,0; pickup,0,0; custom_1,0,0;",inclusive
685544cc21bb01b10405eff6,"Yojin Harold Hill",+447743459441,admin@yojin.co.uk,"Please visit your local supermarket / store","RM1 4DQ","Harold Hill",,"United Kingdom",GB,ACTIVE,https://cdn-upload.hyperzod.app/public/5564/images/685544cc679b6.svg,https://cdn-upload.hyperzod.app/public/5564/images/685544cc6821f.png,"delivery,0,0; pickup,0,0; custom_1,0,0;",inclusive
685544cc21bb01b10405eff7,"Yojin England",+447743459442,admin@yojin.co.uk,"Please visit your local supermarket / store","CM14 5NG",England,,"United Kingdom",GB,ACTIVE,https://cdn-upload.hyperzod.app/public/5564/images/685544ccd19f6.svg,https://cdn-upload.hyperzod.app/public/5564/images/685544ccd2256.png,"delivery,0,0; pickup,0,0; custom_1,0,0;",inclusive
685544cc21bb01b10405eff8,"Yojin Ingrave",+447743459443,admin@yojin.co.uk,"Please visit your local supermarket / store","CM14 5AE",Ingrave,,"United Kingdom",GB,ACTIVE,https://cdn-upload.hyperzod.app/public/5564/images/685544cd1c863.svg,https://cdn-upload.hyperzod.app/public/5564/images/685544cd1d0ba.png,"delivery,0,0; pickup,0,0; custom_1,0,0;",inclusive
685544cd21bb01b10405eff9,"Yojin Little Burstead",+447743459444,admin@yojin.co.uk,"Please visit your local supermarket / store","CM12 9SS","Little Burstead",,"United Kingdom",GB,ACTIVE,https://cdn-upload.hyperzod.app/public/5564/images/685544cd56e33.svg,https://cdn-upload.hyperzod.app/public/5564/images/685544cd576b9.png,"delivery,0,0; pickup,0,0; custom_1,0,0;",inclusive
685544cd21bb01b10405effa,"Yojin Crays Hill",+447743459445,admin@yojin.co.uk,"Please visit your local supermarket / store","CM11 2XJ","Crays Hill",,"United Kingdom",GB,ACTIVE,https://cdn-upload.hyperzod.app/public/5564/images/685544cd91caf.svg,https://cdn-upload.hyperzod.app/public/5564/images/685544cd9257f.png,"delivery,0,0; pickup,0,0; custom_1,0,0;",inclusive
685544cd21bb01b10405effb,"Yojin Shotgate",+447743459446,admin@yojin.co.uk,"Please visit your local supermarket / store","SS11 8PA",Shotgate,,"United Kingdom",GB,ACTIVE,https://cdn-upload.hyperzod.app/public/5564/images/685544cddbda4.svg,https://cdn-upload.hyperzod.app/public/5564/images/685544cddc5b7.png,"delivery,0,0; pickup,0,0; custom_1,0,0;",inclusive
685544cd21bb01b10405effc,"Yojin Rayleigh",+447743459447,admin@yojin.co.uk,"Please visit your local supermarket / store","SS6 9QS",Rayleigh,,"United Kingdom",GB,ACTIVE,https://cdn-upload.hyperzod.app/public/5564/images/685544ce26d7b.svg,https://cdn-upload.hyperzod.app/public/5564/images/685544ce2760d.png,"delivery,0,0; pickup,0,0; custom_1,0,0;",inclusive
685544ce21bb01b10405effd,"Yojin Hawkwell",+447743459448,admin@yojin.co.uk,"Please visit your local supermarket / store","SS4 3JD",Hawkwell,,"United Kingdom",GB,ACTIVE,https://cdn-upload.hyperzod.app/public/5564/images/685544ce64d30.svg,https://cdn-upload.hyperzod.app/public/5564/images/685544ce65648.png,"delivery,0,0; pickup,0,0; custom_1,0,0;",inclusive
685544ce21bb01b10405effe,"Yojin Rochford",+447743459449,admin@yojin.co.uk,"Please visit your local supermarket / store","SS3 9XJ",Rochford,,"United Kingdom",GB,ACTIVE,https://cdn-upload.hyperzod.app/public/5564/images/685544cea1346.svg,https://cdn-upload.hyperzod.app/public/5564/images/685544cea1b6c.png,"delivery,0,0; pickup,0,0; custom_1,0,0;",inclusive
685544ce21bb01b10405efff,"Yojin Bettws",+447743459450,admin@yojin.co.uk,"Please visit your local supermarket / store","CF32 8UW",Bettws,,"United Kingdom",GB,ACTIVE,https://cdn-upload.hyperzod.app/public/5564/images/685544cee149c.svg,https://cdn-upload.hyperzod.app/public/5564/images/685544cee1e1a.png,"delivery,0,0; pickup,0,0; custom_1,0,0;",inclusive
685544cf21bb01b10405f000,"Yojin Llanharan",+447743459451,admin@yojin.co.uk,"Please visit your local supermarket / store",N/A,Llanharan,,"United Kingdom",GB,ACTIVE,https://cdn-upload.hyperzod.app/public/5564/images/685544cf2ae09.svg,https://cdn-upload.hyperzod.app/public/5564/images/685544cf2b6e3.png,"delivery,0,0; pickup,0,0; custom_1,0,0;",inclusive
685544cf21bb01b10405f001,"Yojin Llantrisant",+447743459452,admin@yojin.co.uk,"Please visit your local supermarket / store","CF72 8LP",Llantrisant,,"United Kingdom",GB,ACTIVE,https://cdn-upload.hyperzod.app/public/5564/images/685544cf6a94b.svg,https://cdn-upload.hyperzod.app/public/5564/images/685544cf6b1c3.png,"delivery,0,0; pickup,0,0; custom_1,0,0;",inclusive
685544cf21bb01b10405f002,"Yojin Church Village",+447743459453,admin@yojin.co.uk,"Please visit your local supermarket / store","CF38 1RU","Church Village",,"United Kingdom",GB,ACTIVE,https://cdn-upload.hyperzod.app/public/5564/images/685544cfa7b75.svg,https://cdn-upload.hyperzod.app/public/5564/images/685544cfa841f.png,"delivery,0,0; pickup,0,0; custom_1,0,0;",inclusive
685544cf21bb01b10405f003,"Yojin Caerphilly",+447743459454,admin@yojin.co.uk,"Please visit your local supermarket / store","CF83 1NH",Caerphilly,,"United Kingdom",GB,ACTIVE,https://cdn-upload.hyperzod.app/public/5564/images/685544cff2301.svg,https://cdn-upload.hyperzod.app/public/5564/images/685544cff2beb.png,"delivery,0,0; pickup,0,0; custom_1,0,0;",inclusive
685544d021bb01b10405f004,"Yojin Coedkernew",+447743459455,admin@yojin.co.uk,"Please visit your local supermarket / store","NP10 8UG",Coedkernew,,"United Kingdom",GB,ACTIVE,https://cdn-upload.hyperzod.app/public/5564/images/685544d0641bc.svg,https://cdn-upload.hyperzod.app/public/5564/images/685544d064aca.png,"delivery,0,0; pickup,0,0; custom_1,0,0;",inclusive
685544d021bb01b10405f005,"Yojin Nash",+447743459456,admin@yojin.co.uk,"Please visit your local supermarket / store","NP19 4XF",Nash,,"United Kingdom",GB,ACTIVE,https://cdn-upload.hyperzod.app/public/5564/images/685544d0aefc8.svg,https://cdn-upload.hyperzod.app/public/5564/images/685544d0af834.png,"delivery,0,0; pickup,0,0; custom_1,0,0;",inclusive
685544d021bb01b10405f006,"Yojin Whitson",+447743459457,admin@yojin.co.uk,"Please visit your local supermarket / store","NP26 3DF",Whitson,,"United Kingdom",GB,ACTIVE,https://cdn-upload.hyperzod.app/public/5564/images/685544d107a8a.svg,https://cdn-upload.hyperzod.app/public/5564/images/685544d10834d.png,"delivery,0,0; pickup,0,0; custom_1,0,0;",inclusive
685544d121bb01b10405f007,"Yojin Olveston",+447743459458,admin@yojin.co.uk,"Please visit your local supermarket / store","BS35 4HN",Olveston,,"United Kingdom",GB,ACTIVE,https://cdn-upload.hyperzod.app/public/5564/images/685544d15d0e4.svg,https://cdn-upload.hyperzod.app/public/5564/images/685544d15da97.png,"delivery,0,0; pickup,0,0; custom_1,0,0;",inclusive
685544d121bb01b10405f008,"Yojin Rudgeway",+447743459459,admin@yojin.co.uk,"Please visit your local supermarket / store","BS32 4JE",Rudgeway,,"United Kingdom",GB,ACTIVE,https://cdn-upload.hyperzod.app/public/5564/images/685544d1a3253.svg,https://cdn-upload.hyperzod.app/public/5564/images/685544d1a3d74.png,"delivery,0,0; pickup,0,0; custom_1,0,0;",inclusive
685544d121bb01b10405f009,"Yojin Latteridge",+447743459460,admin@yojin.co.uk,"Please visit your local supermarket / store","BS37 9TX",Latteridge,,"United Kingdom",GB,ACTIVE,https://cdn-upload.hyperzod.app/public/5564/images/685544d1e6f8d.svg,https://cdn-upload.hyperzod.app/public/5564/images/685544d1e79e5.png,"delivery,0,0; pickup,0,0; custom_1,0,0;",inclusive
685544d221bb01b10405f00a,"Yojin Yate Rocks",+447743459461,admin@yojin.co.uk,"Please visit your local supermarket / store","BS37 7BU","Yate Rocks",,"United Kingdom",GB,ACTIVE,https://cdn-upload.hyperzod.app/public/5564/images/685544d270fc9.svg,https://cdn-upload.hyperzod.app/public/5564/images/685544d2718e2.png,"delivery,0,0; pickup,0,0; custom_1,0,0;",inclusive
685544d221bb01b10405f00b,"Yojin Little Somerford",+447743459462,admin@yojin.co.uk,"Please visit your local supermarket / store","SN15 5BL","Little Somerford",,"United Kingdom",GB,ACTIVE,https://cdn-upload.hyperzod.app/public/5564/images/685544d2b2906.svg,https://cdn-upload.hyperzod.app/public/5564/images/685544d2b32ce.png,"delivery,0,0; pickup,0,0; custom_1,0,0;",inclusive
685544d221bb01b10405f00c,"Yojin Brinkworth",+447743459463,admin@yojin.co.uk,"Please visit your local supermarket / store","SN15 5QG",Brinkworth,,"United Kingdom",GB,ACTIVE,https://cdn-upload.hyperzod.app/public/5564/images/685544d300025.svg,https://cdn-upload.hyperzod.app/public/5564/images/685544d300a36.png,"delivery,0,0; pickup,0,0; custom_1,0,0;",inclusive
685544d321bb01b10405f00d,"Yojin Hook",+447743459464,admin@yojin.co.uk,"Please visit your local supermarket / store","SN4 8DY",Hook,,"United Kingdom",GB,ACTIVE,https://cdn-upload.hyperzod.app/public/5564/images/685544d346fed.svg,https://cdn-upload.hyperzod.app/public/5564/images/685544d34792d.png,"delivery,0,0; pickup,0,0; custom_1,0,0;",inclusive
685544d321bb01b10405f00e,"Yojin Lydiard Millicent",+447743459465,admin@yojin.co.uk,"Please visit your local supermarket / store","SN5 6NG","Lydiard Millicent",,"United Kingdom",GB,ACTIVE,https://cdn-upload.hyperzod.app/public/5564/images/685544d385476.svg,https://cdn-upload.hyperzod.app/public/5564/images/685544d385cb9.png,"delivery,0,0; pickup,0,0; custom_1,0,0;",inclusive
685544d321bb01b10405f00f,"Yojin Swindon",+447743459466,admin@yojin.co.uk,"Please visit your local supermarket / store","SN1 2DX",Swindon,,"United Kingdom",GB,ACTIVE,https://cdn-upload.hyperzod.app/public/5564/images/685544d3cb36b.svg,https://cdn-upload.hyperzod.app/public/5564/images/685544d3cbbb7.png,"delivery,0,0; pickup,0,0; custom_1,0,0;",inclusive
685544d321bb01b10405f010,"Yojin Wanborough",+447743459467,admin@yojin.co.uk,"Please visit your local supermarket / store","SN3 0AQ",Wanborough,,"United Kingdom",GB,ACTIVE,https://cdn-upload.hyperzod.app/public/5564/images/685544d41a615.svg,https://cdn-upload.hyperzod.app/public/5564/images/685544d41ae99.png,"delivery,0,0; pickup,0,0; custom_1,0,0;",inclusive
685544d421bb01b10405f011,"Yojin Ashbury",+447743459468,admin@yojin.co.uk,"Please visit your local supermarket / store","SN6 8LQ",Ashbury,,"United Kingdom",GB,ACTIVE,https://cdn-upload.hyperzod.app/public/5564/images/685544d45fe02.svg,https://cdn-upload.hyperzod.app/public/5564/images/685544d460874.png,"delivery,0,0; pickup,0,0; custom_1,0,0;",inclusive
685544d421bb01b10405f012,"Yojin Cholsey",+447743459469,admin@yojin.co.uk,"Please visit your local supermarket / store","OX10 9LU",Cholsey,,"United Kingdom",GB,ACTIVE,https://cdn-upload.hyperzod.app/public/5564/images/685544d49b752.svg,https://cdn-upload.hyperzod.app/public/5564/images/685544d49bf69.png,"delivery,0,0; pickup,0,0; custom_1,0,0;",inclusive
685544d421bb01b10405f013,"Yojin Marlow",+447743459470,admin@yojin.co.uk,"Please visit your local supermarket / store","SL7 2DJ",Marlow,,"United Kingdom",GB,ACTIVE,https://cdn-upload.hyperzod.app/public/5564/images/685544d4d970b.svg,https://cdn-upload.hyperzod.app/public/5564/images/685544d4d9f64.png,"delivery,0,0; pickup,0,0; custom_1,0,0;",inclusive
685544d421bb01b10405f014,"Yojin Cookham Rise",+447743459471,admin@yojin.co.uk,"Please visit your local supermarket / store","SL6 9RT","Cookham Rise",,"United Kingdom",GB,ACTIVE,https://cdn-upload.hyperzod.app/public/5564/images/685544d52360b.svg,https://cdn-upload.hyperzod.app/public/5564/images/685544d523f1b.png,"delivery,0,0; pickup,0,0; custom_1,0,0;",inclusive
685544d521bb01b10405f015,"Yojin Burnham",+447743459472,admin@yojin.co.uk,"Please visit your local supermarket / store","SL1 8QE",Burnham,,"United Kingdom",GB,ACTIVE,https://cdn-upload.hyperzod.app/public/5564/images/685544d561c4b.svg,https://cdn-upload.hyperzod.app/public/5564/images/685544d56247b.png,"delivery,0,0; pickup,0,0; custom_1,0,0;",inclusive
685544d521bb01b10405f016,"Yojin Stoke Poges",+447743459473,admin@yojin.co.uk,"Please visit your local supermarket / store","SL2 4BA","Stoke Poges",,"United Kingdom",GB,ACTIVE,https://cdn-upload.hyperzod.app/public/5564/images/685544d5a05f7.svg,https://cdn-upload.hyperzod.app/public/5564/images/685544d5a0e16.png,"delivery,0,0; pickup,0,0; custom_1,0,0;",inclusive
685544d521bb01b10405f017,"Yojin Denham",+447743459474,admin@yojin.co.uk,"Please visit your local supermarket / store","UB9 4HG",Denham,,"United Kingdom",GB,ACTIVE,https://cdn-upload.hyperzod.app/public/5564/images/685544d5e924e.svg,https://cdn-upload.hyperzod.app/public/5564/images/685544d5e9b71.png,"delivery,0,0; pickup,0,0; custom_1,0,0;",inclusive
685544d621bb01b10405f018,"Yojin Ickenham",+447743459475,admin@yojin.co.uk,"Please visit your local supermarket / store","UB10 8DQ",Ickenham,,"United Kingdom",GB,ACTIVE,https://cdn-upload.hyperzod.app/public/5564/images/685544d63d515.svg,https://cdn-upload.hyperzod.app/public/5564/images/685544d63dea1.png,"delivery,0,0; pickup,0,0; custom_1,0,0;",inclusive
685544d621bb01b10405f019,"Yojin Rayners Lane",+447743459476,admin@yojin.co.uk,"Please visit your local supermarket / store","HA2 9HD","Rayners Lane",,"United Kingdom",GB,ACTIVE,https://cdn-upload.hyperzod.app/public/5564/images/685544d67e832.svg,https://cdn-upload.hyperzod.app/public/5564/images/685544d67f0dd.png,"delivery,0,0; pickup,0,0; custom_1,0,0;",inclusive
685544d621bb01b10405f01a,"Yojin Sudbury",+447743459477,admin@yojin.co.uk,"Please visit your local supermarket / store","HA9 7LY",Sudbury,,"United Kingdom",GB,ACTIVE,https://cdn-upload.hyperzod.app/public/5564/images/685544d6be973.svg,https://cdn-upload.hyperzod.app/public/5564/images/685544d6bf1d6.png,"delivery,0,0; pickup,0,0; custom_1,0,0;",inclusive
685544d621bb01b10405f01b,"Yojin Dollis Hill",+447743459478,admin@yojin.co.uk,"Please visit your local supermarket / store","NW2 7LY","Dollis Hill",,"United Kingdom",GB,ACTIVE,https://cdn-upload.hyperzod.app/public/5564/images/685544d70cc6f.svg,https://cdn-upload.hyperzod.app/public/5564/images/685544d70d4d0.png,"delivery,0,0; pickup,0,0; custom_1,0,0;",inclusive
685544d721bb01b10405f01c,"Yojin Highgate",+447743459479,admin@yojin.co.uk,"Please visit your local supermarket / store","N6 6HT",Highgate,,"United Kingdom",GB,ACTIVE,https://cdn-upload.hyperzod.app/public/5564/images/685544d74ee63.svg,https://cdn-upload.hyperzod.app/public/5564/images/685544d74f72f.png,"delivery,0,0; pickup,0,0; custom_1,0,0;",inclusive
685544d721bb01b10405f01d,"Yojin Stoke Newington",+447743459480,admin@yojin.co.uk,"Please visit your local supermarket / store","N4 2FF","Stoke Newington",,"United Kingdom",GB,ACTIVE,https://cdn-upload.hyperzod.app/public/5564/images/685544d79d4b2.svg,https://cdn-upload.hyperzod.app/public/5564/images/685544d79deb1.png,"delivery,0,0; pickup,0,0; custom_1,0,0;",inclusive
685544d721bb01b10405f01e,"Yojin Leyton",+447743459481,admin@yojin.co.uk,"Please visit your local supermarket / store","E10 7LX",Leyton,,"United Kingdom",GB,ACTIVE,https://cdn-upload.hyperzod.app/public/5564/images/685544d7e24ff.svg,https://cdn-upload.hyperzod.app/public/5564/images/685544d7e2d69.png,"delivery,0,0; pickup,0,0; custom_1,0,0;",inclusive
685544d821bb01b10405f01f,"Yojin Redbridge",+447743459482,admin@yojin.co.uk,"Please visit your local supermarket / store","E12 5HP",Redbridge,,"United Kingdom",GB,ACTIVE,https://cdn-upload.hyperzod.app/public/5564/images/685544d82ffd7.svg,https://cdn-upload.hyperzod.app/public/5564/images/685544d8307ce.png,"delivery,0,0; pickup,0,0; custom_1,0,0;",inclusive
685544d821bb01b10405f020,"Yojin Seven Kings",+447743459483,admin@yojin.co.uk,"Please visit your local supermarket / store","IG3 9QE","Seven Kings",,"United Kingdom",GB,ACTIVE,https://cdn-upload.hyperzod.app/public/5564/images/685544d86bfa9.svg,https://cdn-upload.hyperzod.app/public/5564/images/685544d86c831.png,"delivery,0,0; pickup,0,0; custom_1,0,0;",inclusive
685544d821bb01b10405f021,"Yojin Rush Green",+447743459484,admin@yojin.co.uk,"Please visit your local supermarket / store","RM7 0PU","Rush Green",,"United Kingdom",GB,ACTIVE,https://cdn-upload.hyperzod.app/public/5564/images/685544d8a8622.svg,https://cdn-upload.hyperzod.app/public/5564/images/685544d8a8ee4.png,"delivery,0,0; pickup,0,0; custom_1,0,0;",inclusive
685544d821bb01b10405f022,"Yojin Emerson Park",+447743459485,admin@yojin.co.uk,"Please visit your local supermarket / store","RM11 3AH","Emerson Park",,"United Kingdom",GB,ACTIVE,https://cdn-upload.hyperzod.app/public/5564/images/685544d8e3366.svg,https://cdn-upload.hyperzod.app/public/5564/images/685544d8e3c60.png,"delivery,0,0; pickup,0,0; custom_1,0,0;",inclusive
685544d921bb01b10405f023,"Yojin Basildon",+447743459486,admin@yojin.co.uk,"Please visit your local supermarket / store","SS16 6EJ",Basildon,,"United Kingdom",GB,ACTIVE,https://cdn-upload.hyperzod.app/public/5564/images/685544d92ea9a.svg,https://cdn-upload.hyperzod.app/public/5564/images/685544d92f37b.png,"delivery,0,0; pickup,0,0; custom_1,0,0;",inclusive
685544d921bb01b10405f024,"Yojin Basildon",+447743459487,admin@yojin.co.uk,"Please visit your local supermarket / store","SS16 5DE",Basildon,,"United Kingdom",GB,ACTIVE,https://cdn-upload.hyperzod.app/public/5564/images/685544d986eb0.svg,https://cdn-upload.hyperzod.app/public/5564/images/685544d9876d3.png,"delivery,0,0; pickup,0,0; custom_1,0,0;",inclusive
685544d921bb01b10405f025,"Yojin Bowers Gifford",+447743459488,admin@yojin.co.uk,"Please visit your local supermarket / store","SS13 2HE","Bowers Gifford",,"United Kingdom",GB,ACTIVE,https://cdn-upload.hyperzod.app/public/5564/images/685544d9c9cf2.svg,https://cdn-upload.hyperzod.app/public/5564/images/685544d9ca58a.png,"delivery,0,0; pickup,0,0; custom_1,0,0;",inclusive
685544d921bb01b10405f026,"Yojin Benfleet",+447743459489,admin@yojin.co.uk,"Please visit your local supermarket / store","SS7 2TD",Benfleet,,"United Kingdom",GB,ACTIVE,https://cdn-upload.hyperzod.app/public/5564/images/685544da1248d.svg,https://cdn-upload.hyperzod.app/public/5564/images/685544da12d66.png,"delivery,0,0; pickup,0,0; custom_1,0,0;",inclusive
685544da21bb01b10405f027,"Yojin Leigh on Sea",+447743459490,admin@yojin.co.uk,"Please visit your local supermarket / store","SS0 0JF","Leigh on Sea",,"United Kingdom",GB,ACTIVE,https://cdn-upload.hyperzod.app/public/5564/images/685544da54705.svg,https://cdn-upload.hyperzod.app/public/5564/images/685544da54f55.png,"delivery,0,0; pickup,0,0; custom_1,0,0;",inclusive
685544da21bb01b10405f028,"Yojin Sutton",+447743459491,admin@yojin.co.uk,"Please visit your local supermarket / store","SS3 0QQ",Sutton,,"United Kingdom",GB,ACTIVE,https://cdn-upload.hyperzod.app/public/5564/images/685544da947aa.svg,https://cdn-upload.hyperzod.app/public/5564/images/685544da953fa.png,"delivery,0,0; pickup,0,0; custom_1,0,0;",inclusive
685544da21bb01b10405f029,"Yojin Great Wakering",+447743459492,admin@yojin.co.uk,"Please visit your local supermarket / store","SS3 0BX","Great Wakering",,"United Kingdom",GB,ACTIVE,https://cdn-upload.hyperzod.app/public/5564/images/685544dad67c1.svg,https://cdn-upload.hyperzod.app/public/5564/images/685544dad7144.png,"delivery,0,0; pickup,0,0; custom_1,0,0;",inclusive
685544da21bb01b10405f02a,"Yojin Pyle",+447743459493,admin@yojin.co.uk,"Please visit your local supermarket / store","CF33 4AA",Pyle,,"United Kingdom",GB,ACTIVE,https://cdn-upload.hyperzod.app/public/5564/images/685544db22074.svg,https://cdn-upload.hyperzod.app/public/5564/images/685544db229a1.png,"delivery,0,0; pickup,0,0; custom_1,0,0;",inclusive
685544db21bb01b10405f02b,"Yojin Pen-y-fai",+447743459494,admin@yojin.co.uk,"Please visit your local supermarket / store","CF31 4QR",Pen-y-fai,,"United Kingdom",GB,ACTIVE,https://cdn-upload.hyperzod.app/public/5564/images/685544db5e5c1.svg,https://cdn-upload.hyperzod.app/public/5564/images/685544db5f281.png,"delivery,0,0; pickup,0,0; custom_1,0,0;",inclusive
685544db21bb01b10405f02c,"Yojin Pencoed",+447743459495,admin@yojin.co.uk,"Please visit your local supermarket / store","CF35 6RA",Pencoed,,"United Kingdom",GB,ACTIVE,https://cdn-upload.hyperzod.app/public/5564/images/685544db9a6da.svg,https://cdn-upload.hyperzod.app/public/5564/images/685544db9af21.png,"delivery,0,0; pickup,0,0; custom_1,0,0;",inclusive
685544db21bb01b10405f02d,"Yojin Llanilid",+447743459496,admin@yojin.co.uk,"Please visit your local supermarket / store","CF35 5EA",Llanilid,,"United Kingdom",GB,ACTIVE,https://cdn-upload.hyperzod.app/public/5564/images/685544dbd7d80.svg,https://cdn-upload.hyperzod.app/public/5564/images/685544dbd86b7.png,"delivery,0,0; pickup,0,0; custom_1,0,0;",inclusive
685544db21bb01b10405f02e,"Yojin Pontyclun",+447743459497,admin@yojin.co.uk,"Please visit your local supermarket / store","CF72 9EQ",Pontyclun,,"United Kingdom",GB,ACTIVE,https://cdn-upload.hyperzod.app/public/5564/images/685544dc32840.svg,https://cdn-upload.hyperzod.app/public/5564/images/685544dc330bf.png,"delivery,0,0; pickup,0,0; custom_1,0,0;",inclusive
685544dc21bb01b10405f02f,"Yojin Pentyrch",+447743459498,admin@yojin.co.uk,"Please visit your local supermarket / store","CF15 9PD",Pentyrch,,"United Kingdom",GB,ACTIVE,https://cdn-upload.hyperzod.app/public/5564/images/685544dc6deca.svg,https://cdn-upload.hyperzod.app/public/5564/images/685544dc6e702.png,"delivery,0,0; pickup,0,0; custom_1,0,0;",inclusive
685544dc21bb01b10405f030,"Yojin Coryton",+447743459499,admin@yojin.co.uk,"Please visit your local supermarket / store","CF14 7ZB",Coryton,,"United Kingdom",GB,ACTIVE,https://cdn-upload.hyperzod.app/public/5564/images/685544dcaa856.svg,https://cdn-upload.hyperzod.app/public/5564/images/685544dcab1b6.png,"delivery,0,0; pickup,0,0; custom_1,0,0;",inclusive
685544dc21bb01b10405f031,"Yojin Rhydypenau",+447743459500,admin@yojin.co.uk,"Please visit your local supermarket / store","CF14 0NF",Rhydypenau,,"United Kingdom",GB,ACTIVE,https://cdn-upload.hyperzod.app/public/5564/images/685544dd00bd8.svg,https://cdn-upload.hyperzod.app/public/5564/images/685544dd01687.png,"delivery,0,0; pickup,0,0; custom_1,0,0;",inclusive
685544dd21bb01b10405f032,"Yojin St Mellons",+447743459501,admin@yojin.co.uk,"Please visit your local supermarket / store","CF3 0FN","St Mellons",,"United Kingdom",GB,ACTIVE,https://cdn-upload.hyperzod.app/public/5564/images/685544dd473d9.svg,https://cdn-upload.hyperzod.app/public/5564/images/685544dd47c05.png,"delivery,0,0; pickup,0,0; custom_1,0,0;",inclusive
685544dd21bb01b10405f033,"Yojin Marshfield",+447743459502,admin@yojin.co.uk,"Please visit your local supermarket / store","NP10 8SR",Marshfield,,"United Kingdom",GB,ACTIVE,https://cdn-upload.hyperzod.app/public/5564/images/685544dd81a5f.svg,https://cdn-upload.hyperzod.app/public/5564/images/685544dd822fe.png,"delivery,0,0; pickup,0,0; custom_1,0,0;",inclusive
685544dd21bb01b10405f034,"Yojin City of Bristol",+447743459503,admin@yojin.co.uk,"Please visit your local supermarket / store","BS11 0FJ","City of Bristol",,"United Kingdom",GB,ACTIVE,https://cdn-upload.hyperzod.app/public/5564/images/685544ddbe5e0.svg,https://cdn-upload.hyperzod.app/public/5564/images/685544ddbee18.png,"delivery,0,0; pickup,0,0; custom_1,0,0;",inclusive
685544dd21bb01b10405f035,"Yojin Almondsbury",+447743459504,admin@yojin.co.uk,"Please visit your local supermarket / store","BS10 7TG",Almondsbury,,"United Kingdom",GB,ACTIVE,https://cdn-upload.hyperzod.app/public/5564/images/685544de1b054.svg,https://cdn-upload.hyperzod.app/public/5564/images/685544de1b91b.png,"delivery,0,0; pickup,0,0; custom_1,0,0;",inclusive
685544de21bb01b10405f036,"Yojin Stoke Gifford",+447743459505,admin@yojin.co.uk,"Please visit your local supermarket / store","BS32 8AF","Stoke Gifford",,"United Kingdom",GB,ACTIVE,https://cdn-upload.hyperzod.app/public/5564/images/685544de5a2a2.svg,https://cdn-upload.hyperzod.app/public/5564/images/685544de5aaf9.png,"delivery,0,0; pickup,0,0; custom_1,0,0;",inclusive
685544de21bb01b10405f037,"Yojin Westerleigh",+447743459506,admin@yojin.co.uk,"Please visit your local supermarket / store","BS36 2FZ",Westerleigh,,"United Kingdom",GB,ACTIVE,https://cdn-upload.hyperzod.app/public/5564/images/685544de9b63e.svg,https://cdn-upload.hyperzod.app/public/5564/images/685544de9c4fc.png,"delivery,0,0; pickup,0,0; custom_1,0,0;",inclusive
685544de21bb01b10405f038,"Yojin Wapley",+447743459507,admin@yojin.co.uk,"Please visit your local supermarket / store","BS37 6XF",Wapley,,"United Kingdom",GB,ACTIVE,https://cdn-upload.hyperzod.app/public/5564/images/685544ded9b9f.svg,https://cdn-upload.hyperzod.app/public/5564/images/685544dedac6c.png,"delivery,0,0; pickup,0,0; custom_1,0,0;",inclusive
685544de21bb01b10405f039,"Yojin Stanton St Quintin",+447743459508,admin@yojin.co.uk,"Please visit your local supermarket / store","SN14 6DE","Stanton St Quintin",,"United Kingdom",GB,ACTIVE,https://cdn-upload.hyperzod.app/public/5564/images/685544df38177.svg,https://cdn-upload.hyperzod.app/public/5564/images/685544df389a2.png,"delivery,0,0; pickup,0,0; custom_1,0,0;",inclusive
685544df21bb01b10405f03a,"Yojin Christian Malford",+447743459509,admin@yojin.co.uk,"Please visit your local supermarket / store","SN15 4HY","Christian Malford",,"United Kingdom",GB,ACTIVE,https://cdn-upload.hyperzod.app/public/5564/images/685544df870a8.svg,https://cdn-upload.hyperzod.app/public/5564/images/685544df878a7.png,"delivery,0,0; pickup,0,0; custom_1,0,0;",inclusive
685544df21bb01b10405f03b,"Yojin Bradenstoke",+447743459510,admin@yojin.co.uk,"Please visit your local supermarket / store","SN15 4AS",Bradenstoke,,"United Kingdom",GB,ACTIVE,https://cdn-upload.hyperzod.app/public/5564/images/685544dfc1929.svg,https://cdn-upload.hyperzod.app/public/5564/images/685544dfc219d.png,"delivery,0,0; pickup,0,0; custom_1,0,0;",inclusive
